,word,actual_frequency,relative_frequency,zipf_frequency,difference_actual,difference_percent
0,the,71,1/1,71.0,0.0,100.0
1,to,37,1/2,35.5,1.5,104.22535211267605
2,and,36,1/3,23.666666666666664,12.333333333333336,152.11267605633805
3,of,30,1/4,17.75,12.25,169.01408450704224
4,that,28,1/5,14.200000000000001,13.799999999999999,197.18309859154928
5,a,18,1/6,11.833333333333332,6.166666666666668,152.11267605633805
6,it,17,1/7,10.142857142857142,6.857142857142858,167.6056338028169
7,in,16,1/8,8.875,7.125,180.2816901408451
8,we,16,1/9,7.888888888888888,8.11111111111111,202.8169014084507
9,for,15,1/10,7.1000000000000005,7.8999999999999995,211.26760563380282
10,war,14,1/11,6.454545454545455,7.545454545454545,216.9014084507042
11,this,13,1/12,5.916666666666666,7.083333333333334,219.71830985915494
12,be,12,1/13,5.461538461538462,6.538461538461538,219.7183098591549
13,which,12,1/14,5.071428571428571,6.928571428571429,236.61971830985914
14,all,12,1/15,4.733333333333333,7.266666666666667,253.5211267605634
15,with,12,1/16,4.4375,7.5625,270.4225352112676
16,not,11,1/17,4.176470588235294,6.823529411764706,263.38028169014086
17,is,10,1/18,3.944444444444444,6.055555555555555,253.5211267605634
18,have,10,1/19,3.7368421052631575,6.2631578947368425,267.60563380281695
19,here,10,1/20,3.5500000000000003,6.449999999999999,281.6901408450704
20,i,9,1/21,3.380952380952381,5.619047619047619,266.19718309859155
21,shall,8,1/22,3.2272727272727275,4.7727272727272725,247.88732394366195
22,nation,7,1/23,3.0869565217391304,3.9130434782608696,226.7605633802817
23,as,7,1/24,2.958333333333333,4.041666666666667,236.6197183098592
24,by,7,1/25,2.84,4.16,246.47887323943664
25,but,7,1/26,2.730769230769231,4.269230769230769,256.3380281690141
26,us,7,1/27,2.6296296296296293,4.37037037037037,266.1971830985916
27,can,7,1/28,2.5357142857142856,4.464285714285714,276.056338028169
28,from,6,1/29,2.4482758620689653,3.5517241379310347,245.0704225352113
29,god,6,1/30,2.3666666666666667,3.6333333333333333,253.5211267605634
30,his,6,1/31,2.290322580645161,3.709677419354839,261.9718309859155
31,who,6,1/32,2.21875,3.78125,270.4225352112676
32,address,5,1/33,2.1515151515151514,2.8484848484848486,232.3943661971831
33,an,5,1/34,2.088235294117647,2.911764705882353,239.43661971830986
34,than,5,1/35,2.0285714285714285,2.9714285714285715,246.47887323943664
35,was,5,1/36,1.972222222222222,3.0277777777777777,253.5211267605634
36,years,5,1/37,1.918918918918919,3.0810810810810807,260.5633802816901
37,one,5,1/38,1.8684210526315788,3.1315789473684212,267.60563380281695
38,let,5,1/39,1.8205128205128205,3.1794871794871797,274.6478873239437
39,do,5,1/40,1.7750000000000001,3.2249999999999996,281.6901408450704
40,or,5,1/41,1.7317073170731707,3.2682926829268295,288.7323943661972
41,are,5,1/42,1.6904761904761905,3.3095238095238093,295.77464788732397
42,at,4,1/43,1.6511627906976745,2.3488372093023253,242.25352112676055
43,now,4,1/44,1.6136363636363638,2.3863636363636362,247.88732394366195
44,on,4,1/45,1.577777777777778,2.422222222222222,253.52112676056336
45,every,4,1/46,1.5434782608695652,2.4565217391304346,259.1549295774648
46,great,4,1/47,1.5106382978723405,2.4893617021276597,264.7887323943662
47,union,4,1/48,1.4791666666666665,2.5208333333333335,270.42253521126764
48,both,4,1/49,1.4489795918367345,2.5510204081632653,276.056338028169
49,rather,4,1/50,1.42,2.58,281.69014084507046
50,these,4,1/51,1.392156862745098,2.607843137254902,287.32394366197184
51,may,4,1/52,1.3653846153846154,2.6346153846153846,292.9577464788733
52,those,4,1/53,1.3396226415094339,2.660377358490566,298.59154929577466
53,him,4,1/54,1.3148148148148147,2.685185185185185,304.2253521126761
54,will,4,1/55,1.2909090909090908,2.709090909090909,309.85915492957747
55,so,4,1/56,1.2678571428571428,2.732142857142857,315.4929577464789
56,dedicated,4,1/57,1.2456140350877192,2.754385964912281,321.1267605633803
57,people,4,1/58,1.2241379310344827,2.7758620689655173,326.7605633802817
58,my,4,1/59,1.2033898305084745,2.7966101694915255,332.39436619718316
59,you,4,1/60,1.1833333333333333,2.8166666666666664,338.0281690140845
60,four,3,1/61,1.1639344262295082,1.8360655737704918,257.7464788732394
61,been,3,1/62,1.1451612903225805,1.8548387096774195,261.9718309859155
62,new,3,1/63,1.126984126984127,1.873015873015873,266.19718309859155
63,our,3,1/64,1.109375,1.890625,270.4225352112676
64,upon,3,1/65,1.0923076923076924,1.9076923076923076,274.6478873239437
65,hope,3,1/66,1.0757575757575757,1.9242424242424243,278.87323943661977
66,no,3,1/67,1.0597014925373134,1.9402985074626866,283.0985915492958
67,ago,3,1/68,1.0441176470588236,1.9558823529411764,287.3239436619718
68,were,3,1/69,1.0289855072463767,1.9710144927536233,291.5492957746479
69,place,3,1/70,1.0142857142857142,1.9857142857142858,295.77464788732397
70,altogether,3,1/71,1.0,2.0,300.0
71,without,3,1/72,0.986111111111111,2.013888888888889,304.2253521126761
72,would,3,1/73,0.9726027397260273,2.0273972602739727,308.4507042253521
73,other,3,1/74,0.9594594594594595,2.0405405405405403,312.67605633802816
74,interest,3,1/75,0.9466666666666668,2.0533333333333332,316.9014084507042
75,cause,3,1/76,0.9342105263157894,2.0657894736842106,321.1267605633803
76,right,3,1/77,0.9220779220779222,2.0779220779220777,325.3521126760563
77,neither,3,1/78,0.9102564102564102,2.08974358974359,329.5774647887324
78,has,3,1/79,0.8987341772151899,2.1012658227848102,333.80281690140845
79,before,3,1/80,0.8875000000000001,2.1125,338.0281690140845
80,should,3,1/81,0.8765432098765431,2.123456790123457,342.2535211267606
81,any,3,1/82,0.8658536585365854,2.1341463414634148,346.4788732394366
82,men,3,1/83,0.855421686746988,2.144578313253012,350.70422535211264
83,assistance,3,1/84,0.8452380952380952,2.1547619047619047,354.92957746478874
84,woe,3,1/85,0.8352941176470589,2.164705882352941,359.15492957746477
85,offences,3,1/86,0.8255813953488372,2.1744186046511627,363.38028169014086
86,must,3,1/87,0.8160919540229885,2.1839080459770113,367.6056338028169
87,come,3,1/88,0.8068181818181819,2.1931818181818183,371.83098591549293
88,living,3,1/89,0.797752808988764,2.202247191011236,376.056338028169
89,dead,3,1/90,0.788888888888889,2.2111111111111112,380.281690140845
90,they,3,1/91,0.7802197802197803,2.21978021978022,384.50704225352104
91,me,3,1/92,0.7717391304347826,2.2282608695652173,388.7323943661972
92,second,2,1/93,0.7634408602150539,1.236559139784946,261.97183098591546
93,washington,2,1/94,0.7553191489361702,1.2446808510638299,264.7887323943662
94,take,2,1/95,0.7473684210526316,1.2526315789473683,267.6056338028169
95,there,2,1/96,0.7395833333333333,1.2604166666666667,270.42253521126764
96,less,2,1/97,0.7319587628865979,1.268041237113402,273.23943661971833
97,occasion,2,1/98,0.7244897959183673,1.2755102040816326,276.056338028169
98,fitting,2,1/99,0.7171717171717172,1.2828282828282829,278.8732394366197
99,proper,2,1/100,0.71,1.29,281.69014084507046
100,public,2,1/101,0.7029702970297029,1.297029702970297,284.50704225352115
101,forth,2,1/102,0.696078431372549,1.303921568627451,287.32394366197184
102,still,2,1/103,0.6893203883495145,1.3106796116504855,290.1408450704226
103,little,2,1/104,0.6826923076923077,1.3173076923076923,292.9577464788733
104,could,2,1/105,0.6761904761904762,1.3238095238095238,295.7746478873239
105,well,2,1/106,0.6698113207547169,1.330188679245283,298.59154929577466
106,civil,2,1/107,0.6635514018691588,1.3364485981308412,301.40845070422534
107,while,2,1/108,0.6574074074074073,1.3425925925925926,304.2253521126761
108,sic,2,1/109,0.6513761467889909,1.348623853211009,307.0422535211267
109,being,2,1/110,0.6454545454545454,1.3545454545454545,309.85915492957747
110,seeking,2,1/111,0.6396396396396397,1.3603603603603602,312.67605633802816
111,perish,2,1/112,0.6339285714285714,1.3660714285714286,315.4929577464789
112,came,2,1/113,0.6283185840707964,1.3716814159292037,318.3098591549296
113,slaves,2,1/114,0.6228070175438596,1.3771929824561404,321.1267605633803
114,even,2,1/115,0.6173913043478261,1.382608695652174,323.943661971831
115,government,2,1/116,0.6120689655172413,1.3879310344827587,326.7605633802817
116,conflict,2,1/117,0.6068376068376069,1.393162393162393,329.57746478873236
117,might,2,1/118,0.6016949152542372,1.3983050847457628,332.39436619718316
118,cease,2,1/119,0.5966386554621849,1.403361344537815,335.2112676056338
119,each,2,1/120,0.5916666666666667,1.4083333333333332,338.0281690140845
120,same,2,1/121,0.5867768595041323,1.4132231404958677,340.8450704225352
121,just,2,1/122,0.5819672131147541,1.418032786885246,343.6619718309859
122,their,2,1/123,0.5772357723577236,1.4227642276422765,346.4788732394366
123,prayers,2,1/124,0.5725806451612903,1.4274193548387097,349.29577464788736
124,answered,2,1/125,0.5680000000000001,1.432,352.112676056338
125,world,2,1/126,0.5634920634920635,1.4365079365079365,354.92957746478874
126,needs,2,1/127,0.5590551181102362,1.4409448818897639,357.7464788732394
127,man,2,1/128,0.5546875,1.4453125,360.5633802816902
128,whom,2,1/129,0.5503875968992248,1.449612403100775,363.38028169014086
129,offence,2,1/130,0.5461538461538462,1.4538461538461538,366.1971830985915
130,if,2,1/131,0.5419847328244275,1.4580152671755724,369.01408450704224
131,he,2,1/132,0.5378787878787878,1.4621212121212122,371.830985915493
132,gives,2,1/133,0.5338345864661653,1.4661654135338347,374.64788732394373
133,divine,2,1/134,0.5298507462686567,1.4701492537313432,377.46478873239437
134,yet,2,1/135,0.5259259259259259,1.474074074074074,380.2816901408451
135,until,2,1/136,0.5220588235294118,1.4779411764705883,383.09859154929575
136,drawn,2,1/137,0.5182481751824818,1.4817518248175183,385.91549295774644
137,said,2,1/138,0.5144927536231884,1.4855072463768115,388.7323943661972
138,work,2,1/139,0.5107913669064749,1.4892086330935252,391.5492957746479
139,nations,2,1/140,0.5071428571428571,1.4928571428571429,394.3661971830986
140,care,2,1/141,0.5035460992907801,1.49645390070922,397.18309859154937
141,gettysburg,2,1/142,0.5,1.5,400.0
142,conceived,2,1/143,0.4965034965034965,1.5034965034965035,402.8169014084507
143,whether,2,1/144,0.4930555555555555,1.5069444444444444,405.6338028169014
144,long,2,1/145,0.4896551724137931,1.510344827586207,408.4507042253521
145,dedicate,2,1/146,0.48630136986301364,1.5136986301369864,411.2676056338029
146,gave,2,1/147,0.48299319727891155,1.5170068027210886,414.0845070422535
147,far,2,1/148,0.47972972972972977,1.5202702702702702,416.9014084507042
148,what,2,1/149,0.47651006711409394,1.523489932885906,419.718309859155
149,task,2,1/150,0.4733333333333334,1.5266666666666666,422.53521126760563
150,devotion,2,1/151,0.47019867549668876,1.5298013245033113,425.3521126760563
151,farewell,2,1/152,0.4671052631578947,1.5328947368421053,428.16901408450707
152,ever,2,1/153,0.46405228758169936,1.5359477124183005,430.9859154929577
153,cannot,2,1/154,0.4610389610389611,1.5389610389610389,433.8028169014084
154,inaugural,1,1/155,0.45806451612903226,0.5419354838709678,218.3098591549296
155,united,1,1/156,0.4551282051282051,0.5448717948717949,219.71830985915494
156,states,1,1/157,0.45222929936305734,0.5477707006369427,221.1267605633803
157,capitol,1,1/158,0.44936708860759494,0.5506329113924051,222.53521126760566
158,dc,1,1/159,0.44654088050314467,0.5534591194968553,223.943661971831
159,march,1,1/160,0.44375000000000003,0.5562499999999999,225.3521126760563
160,appearing,1,1/161,0.4409937888198757,0.5590062111801243,226.7605633802817
161,oath,1,1/162,0.43827160493827155,0.5617283950617284,228.16901408450704
162,presidential,1,1/163,0.43558282208588955,0.5644171779141105,229.5774647887324
163,office,1,1/164,0.4329268292682927,0.5670731707317074,230.98591549295776
164,extended,1,1/165,0.4303030303030303,0.5696969696969697,232.3943661971831
165,first,1,1/166,0.427710843373494,0.572289156626506,233.8028169014084
166,then,1,1/167,0.4251497005988024,0.5748502994011976,235.2112676056338
167,statement,1,1/168,0.4226190476190476,0.5773809523809523,236.61971830985914
168,somewhat,1,1/169,0.42011834319526625,0.5798816568047338,238.0281690140845
169,detail,1,1/170,0.4176470588235294,0.5823529411764705,239.43661971830986
170,course,1,1/171,0.4152046783625731,0.5847953216374269,240.84507042253526
171,pursued,1,1/172,0.4127906976744186,0.5872093023255813,242.25352112676055
172,seemed,1,1/173,0.4104046242774566,0.5895953757225434,243.66197183098595
173,expiration,1,1/174,0.40804597701149425,0.5919540229885057,245.07042253521126
174,during,1,1/175,0.4057142857142857,0.5942857142857143,246.47887323943664
175,declarations,1,1/176,0.40340909090909094,0.5965909090909091,247.88732394366195
176,constantly,1,1/177,0.4011299435028249,0.5988700564971752,249.2957746478873
177,called,1,1/178,0.398876404494382,0.601123595505618,250.7042253521127
178,point,1,1/179,0.39664804469273746,0.6033519553072626,252.112676056338
179,phrase,1,1/180,0.3944444444444445,0.6055555555555555,253.52112676056336
180,contest,1,1/181,0.39226519337016574,0.6077348066298343,254.92957746478874
181,absorbs,1,1/182,0.39010989010989017,0.6098901098901098,256.3380281690141
182,attention,1,1/183,0.3879781420765027,0.6120218579234973,257.7464788732394
183,engrosses,1,1/184,0.3858695652173913,0.6141304347826086,259.1549295774648
184,energies,1,1/185,0.3837837837837838,0.6162162162162161,260.5633802816901
185,presented,1,1/186,0.38172043010752693,0.618279569892473,261.97183098591546
186,progress,1,1/187,0.3796791443850267,0.6203208556149733,263.38028169014086
187,arms,1,1/188,0.3776595744680851,0.6223404255319149,264.7887323943662
188,else,1,1/189,0.37566137566137564,0.6243386243386244,266.19718309859155
189,chiefly,1,1/190,0.3736842105263158,0.6263157894736842,267.6056338028169
190,depends,1,1/191,0.3717277486910995,0.6282722513089005,269.01408450704224
191,known,1,1/192,0.36979166666666663,0.6302083333333334,270.42253521126764
192,myself,1,1/193,0.3678756476683938,0.6321243523316062,271.83098591549293
193,trust,1,1/194,0.36597938144329895,0.634020618556701,273.23943661971833
194,reasonably,1,1/195,0.3641025641025641,0.6358974358974359,274.6478873239437
195,satisfactory,1,1/196,0.36224489795918363,0.6377551020408163,276.056338028169
196,encouraging,1,1/197,0.36040609137055835,0.6395939086294417,277.46478873239437
197,high,1,1/198,0.3585858585858586,0.6414141414141414,278.8732394366197
198,future,1,1/199,0.35678391959798994,0.6432160804020101,280.2816901408451
199,prediction,1,1/200,0.355,0.645,281.69014084507046
200,regard,1,1/201,0.35323383084577115,0.6467661691542288,283.09859154929575
201,ventured,1,1/202,0.35148514851485146,0.6485148514851485,284.50704225352115
202,corresponding,1,1/203,0.3497536945812808,0.6502463054187192,285.91549295774644
203,thought,1,1/204,0.3480392156862745,0.6519607843137255,287.32394366197184
204,anxiously,1,1/205,0.3463414634146341,0.6536585365853659,288.7323943661972
205,directed,1,1/206,0.34466019417475724,0.6553398058252428,290.1408450704226
206,impending,1,1/207,0.3429951690821256,0.6570048309178744,291.5492957746479
207,dreaded,1,1/208,0.34134615384615385,0.6586538461538461,292.9577464788733
208,sought,1,1/209,0.3397129186602871,0.6602870813397129,294.3661971830986
209,avert,1,1/210,0.3380952380952381,0.6619047619047619,295.7746478873239
210,inaugeral,1,1/211,0.3364928909952607,0.6635071090047393,297.18309859154925
211,delivered,1,1/212,0.33490566037735847,0.6650943396226415,298.59154929577466
212,devoted,1,1/213,0.3333333333333333,0.6666666666666667,300.0
213,saving,1,1/214,0.3317757009345794,0.6682242990654206,301.40845070422534
214,insurgent,1,1/215,0.3302325581395349,0.6697674418604651,302.8169014084507
215,agents,1,1/216,0.32870370370370366,0.6712962962962963,304.2253521126761
216,city,1,1/217,0.3271889400921659,0.6728110599078341,305.6338028169014
217,destroy,1,1/218,0.32568807339449546,0.6743119266055045,307.0422535211267
218,dissole,1,1/219,0.3242009132420091,0.6757990867579908,308.4507042253521
219,divide,1,1/220,0.3227272727272727,0.6772727272727272,309.85915492957747
220,effects,1,1/221,0.3212669683257919,0.6787330316742082,311.2676056338028
221,negotiation,1,1/222,0.31981981981981983,0.6801801801801801,312.67605633802816
222,parties,1,1/223,0.3183856502242152,0.6816143497757847,314.08450704225356
223,deprecated,1,1/224,0.3169642857142857,0.6830357142857143,315.4929577464789
224,them,1,1/225,0.31555555555555553,0.6844444444444444,316.90140845070425
225,make,1,1/226,0.3141592920353982,0.6858407079646018,318.3098591549296
226,survive,1,1/227,0.3127753303964758,0.6872246696035242,319.7183098591549
227,accept,1,1/228,0.3114035087719298,0.6885964912280702,321.1267605633803
228,eighth,1,1/229,0.31004366812227074,0.6899563318777293,322.53521126760563
229,whole,1,1/230,0.30869565217391304,0.691304347826087,323.943661971831
230,population,1,1/231,0.30735930735930733,0.6926406926406927,325.3521126760563
231,colored,1,1/232,0.30603448275862066,0.6939655172413793,326.7605633802817
232,distributed,1,1/233,0.30472103004291845,0.6952789699570816,328.16901408450707
233,generally,1,1/234,0.30341880341880345,0.6965811965811965,329.57746478873236
234,over,1,1/235,0.3021276595744681,0.6978723404255319,330.98591549295776
235,localized,1,1/236,0.3008474576271186,0.6991525423728814,332.39436619718316
236,southern,1,1/237,0.2995780590717299,0.7004219409282701,333.8028169014085
237,part,1,1/238,0.29831932773109243,0.7016806722689075,335.2112676056338
238,o,1,1/239,0.29707112970711297,0.7029288702928871,336.61971830985914
239,fit,1,1/240,0.29583333333333334,0.7041666666666666,338.0281690140845
240,constituted,1,1/241,0.2946058091286307,0.7053941908713692,339.4366197183098
241,peculiar,1,1/242,0.29338842975206614,0.7066115702479339,340.8450704225352
242,powerful,1,1/243,0.29218106995884774,0.7078189300411523,342.2535211267606
243,knew,1,1/244,0.29098360655737704,0.709016393442623,343.6619718309859
244,somehow,1,1/245,0.28979591836734697,0.710204081632653,345.0704225352112
245,strengthen,1,1/246,0.2886178861788618,0.7113821138211383,346.4788732394366
246,perpetuate,1,1/247,0.2874493927125506,0.7125506072874495,347.887323943662
247,extend,1,1/248,0.28629032258064513,0.7137096774193549,349.29577464788736
248,object,1,1/249,0.285140562248996,0.714859437751004,350.7042253521127
249,insurgents,1,1/250,0.28400000000000003,0.716,352.112676056338
250,rend,1,1/251,0.2828685258964143,0.7171314741035857,353.5211267605634
251,claimed,1,1/252,0.28174603174603174,0.7182539682539683,354.92957746478874
252,more,1,1/253,0.28063241106719367,0.7193675889328064,356.3380281690141
253,restrict,1,1/254,0.2795275590551181,0.7204724409448819,357.7464788732394
254,territorial,1,1/255,0.2784313725490196,0.7215686274509804,359.15492957746477
255,enlargement,1,1/256,0.27734375,0.72265625,360.5633802816902
256,party,1,1/257,0.27626459143968873,0.7237354085603113,361.97183098591546
257,expected,1,1/258,0.2751937984496124,0.7248062015503876,363.38028169014086
258,magnitude,1,1/259,0.27413127413127414,0.7258687258687259,364.7887323943662
259,duration,1,1/260,0.2730769230769231,0.7269230769230769,366.1971830985915
260,already,1,1/261,0.27203065134099613,0.7279693486590039,367.60563380281695
261,attained,1,1/262,0.27099236641221375,0.7290076335877862,369.01408450704224
262,anticipated,1,1/263,0.26996197718631176,0.7300380228136882,370.42253521126764
263,itself,1,1/264,0.2689393939393939,0.7310606060606061,371.830985915493
264,looked,1,1/265,0.2679245283018868,0.7320754716981133,373.2394366197183
265,easier,1,1/266,0.26691729323308266,0.7330827067669173,374.64788732394373
266,triumph,1,1/267,0.26591760299625467,0.7340823970037453,376.056338028169
267,result,1,1/268,0.26492537313432835,0.7350746268656716,377.46478873239437
268,fundamental,1,1/269,0.2639405204460966,0.7360594795539034,378.87323943661977
269,astounding,1,1/270,0.26296296296296295,0.737037037037037,380.2816901408451
270,read,1,1/271,0.26199261992619927,0.7380073800738007,381.6901408450704
271,bible,1,1/272,0.2610294117647059,0.7389705882352942,383.09859154929575
272,pray,1,1/273,0.2600732600732601,0.73992673992674,384.5070422535211
273,invokes,1,1/274,0.2591240875912409,0.7408759124087592,385.91549295774644
274,aid,1,1/275,0.2581818181818182,0.7418181818181818,387.32394366197184
275,against,1,1/276,0.2572463768115942,0.7427536231884058,388.7323943661972
276,seem,1,1/277,0.25631768953068595,0.743682310469314,390.14084507042253
277,strange,1,1/278,0.25539568345323743,0.7446043165467626,391.5492957746479
278,dare,1,1/279,0.25448028673835127,0.7455197132616487,392.9577464788732
279,ask,1,1/280,0.25357142857142856,0.7464285714285714,394.3661971830986
280,gods,1,1/281,0.25266903914590744,0.7473309608540926,395.774647887324
281,wringing,1,1/282,0.25177304964539005,0.74822695035461,397.18309859154937
282,bread,1,1/283,0.2508833922261484,0.7491166077738516,398.59154929577466
283,sweat,1,1/284,0.25,0.75,400.0
284,mens,1,1/285,0.24912280701754386,0.7508771929824561,401.4084507042254
285,faces,1,1/286,0.24825174825174826,0.7517482517482518,402.8169014084507
286,judge,1,1/287,0.24738675958188153,0.7526132404181185,404.2253521126761
287,judged,1,1/288,0.24652777777777776,0.7534722222222222,405.6338028169014
288,fully,1,1/289,0.24567474048442908,0.754325259515571,407.0422535211267
289,almighty,1,1/290,0.24482758620689654,0.7551724137931035,408.4507042253521
290,own,1,1/291,0.24398625429553264,0.7560137457044673,409.85915492957747
291,purposes,1,1/292,0.24315068493150682,0.7568493150684932,411.2676056338029
292,unto,1,1/293,0.24232081911262798,0.757679180887372,412.6760563380282
293,because,1,1/294,0.24149659863945577,0.7585034013605443,414.0845070422535
294,cometh,1,1/295,0.2406779661016949,0.7593220338983051,415.4929577464789
295,suppose,1,1/296,0.23986486486486489,0.7601351351351351,416.9014084507042
296,american,1,1/297,0.23905723905723905,0.7609427609427609,418.3098591549296
297,slavery,1,1/298,0.23825503355704697,0.761744966442953,419.718309859155
298,providence,1,1/299,0.23745819397993312,0.7625418060200668,421.1267605633803
299,having,1,1/300,0.2366666666666667,0.7633333333333333,422.53521126760563
300,continued,1,1/301,0.23588039867109636,0.7641196013289037,423.9436619718309
301,through,1,1/302,0.23509933774834438,0.7649006622516556,425.3521126760563
302,appointed,1,1/303,0.23432343234323433,0.7656765676567656,426.7605633802817
303,time,1,1/304,0.23355263157894735,0.7664473684210527,428.16901408450707
304,wills,1,1/305,0.23278688524590163,0.7672131147540984,429.5774647887324
305,remove,1,1/306,0.23202614379084968,0.7679738562091503,430.9859154929577
306,north,1,1/307,0.23127035830618894,0.7687296416938111,432.3943661971831
307,south,1,1/308,0.23051948051948054,0.7694805194805194,433.8028169014084
308,terrible,1,1/309,0.22977346278317154,0.7702265372168284,435.2112676056338
309,due,1,1/310,0.22903225806451613,0.7709677419354839,436.6197183098592
310,discern,1,1/311,0.2282958199356913,0.7717041800643087,438.0281690140845
311,therein,1,1/312,0.22756410256410256,0.7724358974358975,439.4366197183099
312,departure,1,1/313,0.2268370607028754,0.7731629392971247,440.8450704225352
313,attributes,1,1/314,0.22611464968152867,0.7738853503184713,442.2535211267606
314,believers,1,1/315,0.2253968253968254,0.7746031746031746,443.6619718309859
315,always,1,1/316,0.22468354430379747,0.7753164556962026,445.0704225352113
316,ascribe,1,1/317,0.22397476340694006,0.77602523659306,446.4788732394366
317,fondly,1,1/318,0.22327044025157233,0.7767295597484276,447.887323943662
318,hopefervently,1,1/319,0.2225705329153605,0.7774294670846396,449.2957746478873
319,praythat,1,1/320,0.22187500000000002,0.778125,450.7042253521126
320,mighty,1,1/321,0.22118380062305296,0.778816199376947,452.112676056338
321,scourge,1,1/322,0.22049689440993786,0.7795031055900621,453.5211267605634
322,speedily,1,1/323,0.21981424148606812,0.7801857585139319,454.9295774647887
323,pass,1,1/324,0.21913580246913578,0.7808641975308642,456.3380281690141
324,away,1,1/325,0.21846153846153846,0.7815384615384615,457.7464788732394
325,continue,1,1/326,0.21779141104294478,0.7822085889570553,459.1549295774648
326,wealth,1,1/327,0.21712538226299694,0.7828746177370031,460.5633802816902
327,piled,1,1/328,0.21646341463414634,0.7835365853658537,461.9718309859155
328,bondmans,1,1/329,0.21580547112462006,0.78419452887538,463.3802816901408
329,two,1,1/330,0.21515151515151515,0.7848484848484849,464.7887323943662
330,hundred,1,1/331,0.21450151057401812,0.7854984894259819,466.1971830985916
331,fifty,1,1/332,0.213855421686747,0.786144578313253,467.6056338028168
332,unrequited,1,1/333,0.2132132132132132,0.7867867867867868,469.0140845070423
333,toil,1,1/334,0.2125748502994012,0.7874251497005988,470.4225352112676
334,sunk,1,1/335,0.21194029850746268,0.7880597014925373,471.830985915493
335,drop,1,1/336,0.2113095238095238,0.7886904761904762,473.2394366197183
336,blood,1,1/337,0.21068249258160238,0.7893175074183976,474.6478873239437
337,lash,1,1/338,0.21005917159763313,0.7899408284023669,476.056338028169
338,paid,1,1/339,0.20943952802359883,0.7905604719764012,477.4647887323943
339,another,1,1/340,0.2088235294117647,0.7911764705882353,478.8732394366197
340,sword,1,1/341,0.20821114369501467,0.7917888563049853,480.281690140845
341,three,1,1/342,0.20760233918128654,0.7923976608187134,481.6901408450705
342,thousand,1,1/343,0.20699708454810495,0.793002915451895,483.0985915492958
343,judgments,1,1/344,0.2063953488372093,0.7936046511627907,484.5070422535211
344,lord,1,1/345,0.20579710144927538,0.7942028985507246,485.91549295774644
345,true,1,1/346,0.2052023121387283,0.7947976878612717,487.3239436619719
346,righteous,1,1/347,0.20461095100864551,0.7953890489913544,488.7323943661972
347,malice,1,1/348,0.20402298850574713,0.7959770114942528,490.14084507042253
348,toward,1,1/349,0.20343839541547276,0.7965616045845272,491.5492957746479
349,none,1,1/350,0.20285714285714285,0.7971428571428572,492.9577464788733
350,charity,1,1/351,0.2022792022792023,0.7977207977207977,494.3661971830986
351,firmness,1,1/352,0.20170454545454547,0.7982954545454546,495.7746478873239
352,see,1,1/353,0.20113314447592068,0.7988668555240793,497.1830985915493
353,strive,1,1/354,0.20056497175141244,0.7994350282485876,498.5915492957746
354,finish,1,1/355,0.2,0.8,500.0
355,bind,1,1/356,0.199438202247191,0.800561797752809,501.4084507042254
356,up,1,1/357,0.1988795518207283,0.8011204481792717,502.8169014084507
357,wounds,1,1/358,0.19832402234636873,0.8016759776536313,504.225352112676
358,borne,1,1/359,0.1977715877437326,0.8022284122562674,505.6338028169014
359,battle,1,1/360,0.19722222222222224,0.8027777777777778,507.0422535211267
360,widow,1,1/361,0.19667590027700832,0.8033240997229917,508.4507042253521
361,orphan,1,1/362,0.19613259668508287,0.8038674033149171,509.85915492957747
362,achieve,1,1/363,0.19559228650137742,0.8044077134986226,511.2676056338028
363,cherish,1,1/364,0.19505494505494508,0.804945054945055,512.6760563380282
364,lasting,1,1/365,0.19452054794520549,0.8054794520547945,514.0845070422534
365,peace,1,1/366,0.19398907103825136,0.8060109289617486,515.4929577464789
366,among,1,1/367,0.19346049046321526,0.8065395095367848,516.9014084507043
367,ourselves,1,1/368,0.19293478260869565,0.8070652173913043,518.3098591549297
368,pennsylvania,1,1/369,0.19241192411924118,0.8075880758807588,519.7183098591549
369,november,1,1/370,0.1918918918918919,0.8081081081081081,521.1267605633802
370,score,1,1/371,0.19137466307277629,0.8086253369272237,522.5352112676056
371,seven,1,1/372,0.19086021505376347,0.8091397849462365,523.9436619718309
372,fathers,1,1/373,0.19034852546916892,0.8096514745308311,525.3521126760563
373,brought,1,1/374,0.18983957219251335,0.8101604278074866,526.7605633802817
374,continent,1,1/375,0.18933333333333333,0.8106666666666666,528.1690140845071
375,liberty,1,1/376,0.18882978723404256,0.8111702127659575,529.5774647887324
376,proposition,1,1/377,0.1883289124668435,0.8116710875331565,530.9859154929578
377,created,1,1/378,0.18783068783068782,0.8121693121693122,532.3943661971831
378,equal,1,1/379,0.18733509234828497,0.8126649076517151,533.8028169014084
379,engaged,1,1/380,0.1868421052631579,0.8131578947368421,535.2112676056338
380,testing,1,1/381,0.1863517060367454,0.8136482939632546,536.6197183098592
381,endure,1,1/382,0.18586387434554974,0.8141361256544503,538.0281690140845
382,met,1,1/383,0.185378590078329,0.814621409921671,539.4366197183098
383,battlefield,1,1/384,0.18489583333333331,0.8151041666666667,540.8450704225353
384,portion,1,1/385,0.18441558441558442,0.8155844155844156,542.2535211267605
385,field,1,1/386,0.1839378238341969,0.8160621761658031,543.6619718309859
386,final,1,1/387,0.1834625322997416,0.8165374677002584,545.0704225352113
387,resting,1,1/388,0.18298969072164947,0.8170103092783505,546.4788732394367
388,lives,1,1/389,0.18251928020565553,0.8174807197943444,547.887323943662
389,live,1,1/390,0.18205128205128204,0.8179487179487179,549.2957746478874
390,larger,1,1/391,0.18158567774936063,0.8184143222506394,550.7042253521126
391,sense,1,1/392,0.18112244897959182,0.8188775510204082,552.112676056338
392,consecrate,1,1/393,0.1806615776081425,0.8193384223918575,553.5211267605634
393,hallow,1,1/394,0.18020304568527917,0.8197969543147208,554.9295774647887
394,ground,1,1/395,0.179746835443038,0.820253164556962,556.338028169014
395,brave,1,1/396,0.1792929292929293,0.8207070707070707,557.7464788732394
396,struggled,1,1/397,0.17884130982367757,0.8211586901763224,559.1549295774648
397,consecrated,1,1/398,0.17839195979899497,0.8216080402010051,560.5633802816902
398,above,1,1/399,0.17794486215538846,0.8220551378446115,561.9718309859155
399,poor,1,1/400,0.1775,0.8225,563.3802816901409
400,power,1,1/401,0.1770573566084788,0.8229426433915212,564.7887323943662
401,add,1,1/402,0.17661691542288557,0.8233830845771144,566.1971830985915
402,detract,1,1/403,0.1761786600496278,0.8238213399503722,567.6056338028169
403,note,1,1/404,0.17574257425742573,0.8242574257425743,569.0140845070423
404,nor,1,1/405,0.17530864197530863,0.8246913580246914,570.4225352112677
405,remember,1,1/406,0.1748768472906404,0.8251231527093597,571.8309859154929
406,say,1,1/407,0.17444717444717445,0.8255528255528255,573.2394366197183
407,never,1,1/408,0.17401960784313725,0.8259803921568627,574.6478873239437
408,forget,1,1/409,0.17359413202933985,0.8264058679706602,576.056338028169
409,did,1,1/410,0.17317073170731706,0.826829268292683,577.4647887323944
410,unfinished,1,1/411,0.17274939172749393,0.8272506082725061,578.8732394366197
411,fought,1,1/412,0.17233009708737862,0.8276699029126213,580.2816901408452
412,thus,1,1/413,0.1719128329297821,0.8280871670702179,581.6901408450703
413,nobly,1,1/414,0.1714975845410628,0.8285024154589372,583.0985915492957
414,advanced,1,1/415,0.1710843373493976,0.8289156626506025,584.5070422535211
415,remaining,1,1/416,0.17067307692307693,0.8293269230769231,585.9154929577466
416,honored,1,1/417,0.17026378896882494,0.829736211031175,587.3239436619718
417,increased,1,1/418,0.16985645933014354,0.8301435406698565,588.7323943661972
418,last,1,1/419,0.1694510739856802,0.8305489260143197,590.1408450704225
419,full,1,1/420,0.16904761904761906,0.8309523809523809,591.5492957746478
420,measure,1,1/421,0.16864608076009502,0.831353919239905,592.9577464788732
421,highly,1,1/422,0.16824644549763035,0.8317535545023697,594.3661971830985
422,resolve,1,1/423,0.16784869976359337,0.8321513002364066,595.774647887324
423,died,1,1/424,0.16745283018867924,0.8325471698113207,597.1830985915493
424,vain,1,1/425,0.16705882352941176,0.8329411764705883,598.5915492957747
425,under,1,1/426,0.16666666666666666,0.8333333333333334,600.0
426,birth,1,1/427,0.16627634660421545,0.8337236533957846,601.4084507042254
427,freedom,1,1/428,0.1658878504672897,0.8341121495327103,602.8169014084507
428,earth,1,1/429,0.1655011655011655,0.8344988344988344,604.225352112676
429,springfield,1,1/430,0.16511627906976745,0.8348837209302326,605.6338028169014
430,illinois,1,1/431,0.16473317865429232,0.8352668213457077,607.0422535211268
431,february,1,1/432,0.16435185185185183,0.8356481481481481,608.4507042253522
432,friends,1,1/433,0.16397228637413394,0.836027713625866,609.8591549295775
433,situation,1,1/434,0.16359447004608296,0.836405529953917,611.2676056338028
434,appreciate,1,1/435,0.1632183908045977,0.8367816091954023,612.6760563380282
435,feeling,1,1/436,0.16284403669724773,0.8371559633027523,614.0845070422534
436,sadness,1,1/437,0.16247139588100687,0.8375286041189931,615.4929577464789
437,parting,1,1/438,0.16210045662100456,0.8378995433789954,616.9014084507043
438,kindness,1,1/439,0.16173120728929385,0.8382687927107062,618.3098591549297
439,owe,1,1/440,0.16136363636363635,0.8386363636363636,619.7183098591549
440,thing,1,1/441,0.16099773242630386,0.8390022675736961,621.1267605633803
441,lived,1,1/442,0.16063348416289594,0.8393665158371041,622.5352112676056
442,quarter,1,1/443,0.1602708803611738,0.8397291196388262,623.943661971831
443,century,1,1/444,0.15990990990990991,0.8400900900900901,625.3521126760563
444,passed,1,1/445,0.15955056179775282,0.8404494382022472,626.7605633802817
445,young,1,1/446,0.1591928251121076,0.8408071748878924,628.1690140845071
446,old,1,1/447,0.1588366890380313,0.8411633109619687,629.5774647887325
447,children,1,1/448,0.15848214285714285,0.8415178571428572,630.9859154929578
448,born,1,1/449,0.15812917594654788,0.8418708240534521,632.3943661971831
449,buried,1,1/450,0.15777777777777777,0.8422222222222222,633.8028169014085
450,leave,1,1/451,0.1574279379157428,0.8425720620842572,635.2112676056338
451,knowing,1,1/452,0.1570796460176991,0.8429203539823009,636.6197183098592
452,when,1,1/453,0.15673289183222958,0.8432671081677704,638.0281690140845
453,return,1,1/454,0.1563876651982379,0.8436123348017621,639.4366197183098
454,greater,1,1/455,0.15604395604395604,0.843956043956044,640.8450704225352
455,rested,1,1/456,0.1557017543859649,0.8442982456140351,642.2535211267606
456,attended,1,1/457,0.15536105032822756,0.8446389496717724,643.661971830986
457,succeed,1,1/458,0.15502183406113537,0.8449781659388647,645.0704225352113
458,fail,1,1/459,0.15468409586056647,0.8453159041394336,646.4788732394366
459,trusting,1,1/460,0.15434782608695652,0.8456521739130435,647.887323943662
460,go,1,1/461,0.1540130151843818,0.8459869848156182,649.2957746478874
461,remain,1,1/462,0.15367965367965367,0.8463203463203464,650.7042253521126
462,where,1,1/463,0.1533477321814255,0.8466522678185745,652.112676056338
463,good,1,1/464,0.15301724137931033,0.8469827586206897,653.5211267605634
464,confidently,1,1/465,0.15268817204301074,0.8473118279569892,654.9295774647887
465,commending,1,1/466,0.15236051502145923,0.8476394849785408,656.3380281690141
466,your,1,1/467,0.15203426124197003,0.8479657387580299,657.7464788732394
467,commend,1,1/468,0.15170940170940173,0.8482905982905983,659.1549295774647
468,bid,1,1/469,0.15138592750533048,0.8486140724946696,660.5633802816902
469,affectionate,1,1/470,0.15106382978723404,0.848936170212766,661.9718309859155
